CREATE DATABASE IF NOT EXISTS kids_story_world CHARACTER SET utf8mb4 COLLATE utf8mb4_unicode_ci;
USE kids_story_world;

DROP TABLE IF EXISTS stories;
DROP TABLE IF EXISTS categories;
DROP TABLE IF EXISTS languages;

CREATE TABLE languages (
  id INT AUTO_INCREMENT PRIMARY KEY,
  code VARCHAR(10) NOT NULL UNIQUE,
  name VARCHAR(100) NOT NULL,
  voice_code VARCHAR(20) NOT NULL
);

CREATE TABLE categories (
  id INT AUTO_INCREMENT PRIMARY KEY,
  slug VARCHAR(50) NOT NULL UNIQUE,
  name VARCHAR(100) NOT NULL,
  telugu_name VARCHAR(100) NOT NULL,
  icon VARCHAR(20) NOT NULL
);

CREATE TABLE stories (
  id INT AUTO_INCREMENT PRIMARY KEY,
  title VARCHAR(255) NOT NULL,
  language_code VARCHAR(10) NOT NULL,
  category_slug VARCHAR(50) NOT NULL,
  story_text TEXT NOT NULL,
  age_group VARCHAR(20) DEFAULT '4-10',
  reading_time VARCHAR(20) DEFAULT '3 min',
  image_url VARCHAR(500),
  created_at TIMESTAMP DEFAULT CURRENT_TIMESTAMP,
  FOREIGN KEY (language_code) REFERENCES languages(code),
  FOREIGN KEY (category_slug) REFERENCES categories(slug)
);

INSERT INTO languages (code, name, voice_code) VALUES
('en', 'English', 'en-US'),
('te', 'తెలుగు', 'te-IN'),
('hi', 'हिन्दी', 'hi-IN'),
('ta', 'தமிழ்', 'ta-IN'),
('kn', 'ಕನ್ನಡ', 'kn-IN'),
('ml', 'മലയാളം', 'ml-IN');

INSERT INTO categories (slug, name, telugu_name, icon) VALUES
('moral', 'Moral Stories', 'నీతి కథలు', '🌟'),
('comedy', 'Comedy Stories', 'హాస్య కథలు', '😂'),
('adventure', 'Adventure Stories', 'సాహస కథలు', '🧭'),
('fantasy', 'Fantasy Stories', 'మాయా కథలు', '✨'),
('mystery', 'Soft Mystery', 'చిన్న రహస్య కథలు', '🔍'),
('bedtime', 'Bedtime Stories', 'నిద్ర కథలు', '🌙'),
('animal', 'Animal Stories', 'జంతు కథలు', '🐘'),
('friendship', 'Friendship Stories', 'స్నేహ కథలు', '🤝');

INSERT INTO stories (title, language_code, category_slug, story_text, age_group, reading_time, image_url) VALUES
('Moral Stories 1', 'en', 'moral', 'Once there was a kind child named Chinni. One day Chinni found a purse near a mango tree. Instead of keeping it, Chinni gave it to the village teacher. Everyone praised Chinni for honesty. From that day, all children learned that truth gives real happiness.', '4-10', '3 min', 'https://placehold.co/700x430/FFE7A0/333333?text=🌟+Moral+Stories'),
('Moral Stories 2', 'en', 'moral', 'Once there was a kind child named Chinni. One day Chinni found a purse near a mango tree. Instead of keeping it, Chinni gave it to the village teacher. Everyone praised Chinni for honesty. From that day, all children learned that truth gives real happiness.', '4-10', '4 min', 'https://placehold.co/700x430/FFE7A0/333333?text=🌟+Moral+Stories'),
('Moral Stories 3', 'en', 'moral', 'Once there was a kind child named Chinni. One day Chinni found a purse near a mango tree. Instead of keeping it, Chinni gave it to the village teacher. Everyone praised Chinni for honesty. From that day, all children learned that truth gives real happiness.', '4-10', '2 min', 'https://placehold.co/700x430/FFE7A0/333333?text=🌟+Moral+Stories'),
('నీతి కథలు 1', 'te', 'moral', 'ఒక చిన్న గ్రామంలో చిన్నీ అనే మంచి పిల్లాడు ఉండేవాడు. ఒక రోజు మామిడి చెట్టు దగ్గర ఒక పర్స్ కనిపించింది. దాన్ని తన దగ్గర పెట్టుకోకుండా గురువుగారికి ఇచ్చాడు. అందరూ చిన్నీ నిజాయితీని మెచ్చుకున్నారు. నిజం చెప్పడం వల్ల మనసుకు నిజమైన సంతోషం వస్తుందని పిల్లలు నేర్చుకున్నారు.', '4-10', '3 min', 'https://placehold.co/700x430/FFE7A0/333333?text=🌟+Moral+Stories'),
('నీతి కథలు 2', 'te', 'moral', 'ఒక చిన్న గ్రామంలో చిన్నీ అనే మంచి పిల్లాడు ఉండేవాడు. ఒక రోజు మామిడి చెట్టు దగ్గర ఒక పర్స్ కనిపించింది. దాన్ని తన దగ్గర పెట్టుకోకుండా గురువుగారికి ఇచ్చాడు. అందరూ చిన్నీ నిజాయితీని మెచ్చుకున్నారు. నిజం చెప్పడం వల్ల మనసుకు నిజమైన సంతోషం వస్తుందని పిల్లలు నేర్చుకున్నారు.', '4-10', '4 min', 'https://placehold.co/700x430/FFE7A0/333333?text=🌟+Moral+Stories'),
('నీతి కథలు 3', 'te', 'moral', 'ఒక చిన్న గ్రామంలో చిన్నీ అనే మంచి పిల్లాడు ఉండేవాడు. ఒక రోజు మామిడి చెట్టు దగ్గర ఒక పర్స్ కనిపించింది. దాన్ని తన దగ్గర పెట్టుకోకుండా గురువుగారికి ఇచ్చాడు. అందరూ చిన్నీ నిజాయితీని మెచ్చుకున్నారు. నిజం చెప్పడం వల్ల మనసుకు నిజమైన సంతోషం వస్తుందని పిల్లలు నేర్చుకున్నారు.', '4-10', '2 min', 'https://placehold.co/700x430/FFE7A0/333333?text=🌟+Moral+Stories'),
('Moral Stories 1', 'hi', 'moral', 'एक छोटे गाँव में चिन्नी नाम का बच्चा रहता था। उसे पेड़ के पास एक पर्स मिला। उसने उसे अपने पास नहीं रखा और शिक्षक को दे दिया। सभी ने उसकी ईमानदारी की प्रशंसा की।', '4-10', '3 min', 'https://placehold.co/700x430/FFE7A0/333333?text=🌟+Moral+Stories'),
('Moral Stories 2', 'hi', 'moral', 'एक छोटे गाँव में चिन्नी नाम का बच्चा रहता था। उसे पेड़ के पास एक पर्स मिला। उसने उसे अपने पास नहीं रखा और शिक्षक को दे दिया। सभी ने उसकी ईमानदारी की प्रशंसा की।', '4-10', '4 min', 'https://placehold.co/700x430/FFE7A0/333333?text=🌟+Moral+Stories'),
('Moral Stories 3', 'hi', 'moral', 'एक छोटे गाँव में चिन्नी नाम का बच्चा रहता था। उसे पेड़ के पास एक पर्स मिला। उसने उसे अपने पास नहीं रखा और शिक्षक को दे दिया। सभी ने उसकी ईमानदारी की प्रशंसा की।', '4-10', '2 min', 'https://placehold.co/700x430/FFE7A0/333333?text=🌟+Moral+Stories'),
('Moral Stories 1', 'ta', 'moral', 'ஒரு சிறிய கிராமத்தில் சின்னி என்ற குழந்தை வாழ்ந்தது. மரத்தடியில் கிடைத்த பணப்பையை ஆசிரியரிடம் கொடுத்தது. அனைவரும் அதன் நேர்மையை பாராட்டினர்.', '4-10', '3 min', 'https://placehold.co/700x430/FFE7A0/333333?text=🌟+Moral+Stories'),
('Moral Stories 2', 'ta', 'moral', 'ஒரு சிறிய கிராமத்தில் சின்னி என்ற குழந்தை வாழ்ந்தது. மரத்தடியில் கிடைத்த பணப்பையை ஆசிரியரிடம் கொடுத்தது. அனைவரும் அதன் நேர்மையை பாராட்டினர்.', '4-10', '4 min', 'https://placehold.co/700x430/FFE7A0/333333?text=🌟+Moral+Stories'),
('Moral Stories 3', 'ta', 'moral', 'ஒரு சிறிய கிராமத்தில் சின்னி என்ற குழந்தை வாழ்ந்தது. மரத்தடியில் கிடைத்த பணப்பையை ஆசிரியரிடம் கொடுத்தது. அனைவரும் அதன் நேர்மையை பாராட்டினர்.', '4-10', '2 min', 'https://placehold.co/700x430/FFE7A0/333333?text=🌟+Moral+Stories'),
('Moral Stories 1', 'kn', 'moral', 'ಒಂದು ಚಿಕ್ಕ ಹಳ್ಳಿಯಲ್ಲಿ ಚಿನ್ನಿ ಎಂಬ ಮಗು ಇತ್ತು. ಮರದ ಬಳಿ ಸಿಕ್ಕ ಪರ್ಸ್ ಅನ್ನು ಶಿಕ್ಷಕರಿಗೆ ಕೊಟ್ಟಿತು. ಎಲ್ಲರೂ ಅದರ ಪ್ರಾಮಾಣಿಕತೆಯನ್ನು ಮೆಚ್ಚಿದರು.', '4-10', '3 min', 'https://placehold.co/700x430/FFE7A0/333333?text=🌟+Moral+Stories'),
('Moral Stories 2', 'kn', 'moral', 'ಒಂದು ಚಿಕ್ಕ ಹಳ್ಳಿಯಲ್ಲಿ ಚಿನ್ನಿ ಎಂಬ ಮಗು ಇತ್ತು. ಮರದ ಬಳಿ ಸಿಕ್ಕ ಪರ್ಸ್ ಅನ್ನು ಶಿಕ್ಷಕರಿಗೆ ಕೊಟ್ಟಿತು. ಎಲ್ಲರೂ ಅದರ ಪ್ರಾಮಾಣಿಕತೆಯನ್ನು ಮೆಚ್ಚಿದರು.', '4-10', '4 min', 'https://placehold.co/700x430/FFE7A0/333333?text=🌟+Moral+Stories'),
('Moral Stories 3', 'kn', 'moral', 'ಒಂದು ಚಿಕ್ಕ ಹಳ್ಳಿಯಲ್ಲಿ ಚಿನ್ನಿ ಎಂಬ ಮಗು ಇತ್ತು. ಮರದ ಬಳಿ ಸಿಕ್ಕ ಪರ್ಸ್ ಅನ್ನು ಶಿಕ್ಷಕರಿಗೆ ಕೊಟ್ಟಿತು. ಎಲ್ಲರೂ ಅದರ ಪ್ರಾಮಾಣಿಕತೆಯನ್ನು ಮೆಚ್ಚಿದರು.', '4-10', '2 min', 'https://placehold.co/700x430/FFE7A0/333333?text=🌟+Moral+Stories'),
('Moral Stories 1', 'ml', 'moral', 'ഒരു ചെറിയ ഗ്രാമത്തിൽ ചിന്നി എന്ന കുട്ടി ഉണ്ടായിരുന്നു. മരത്തിനരികിൽ കണ്ട പഴ്‌സ് അധ്യാപകനു നൽകി. എല്ലാവരും അവന്റെ സത്യസന്ധതയെ പ്രശംസിച്ചു.', '4-10', '3 min', 'https://placehold.co/700x430/FFE7A0/333333?text=🌟+Moral+Stories'),
('Moral Stories 2', 'ml', 'moral', 'ഒരു ചെറിയ ഗ്രാമത്തിൽ ചിന്നി എന്ന കുട്ടി ഉണ്ടായിരുന്നു. മരത്തിനരികിൽ കണ്ട പഴ്‌സ് അധ്യാപകനു നൽകി. എല്ലാവരും അവന്റെ സത്യസന്ധതയെ പ്രശംസിച്ചു.', '4-10', '4 min', 'https://placehold.co/700x430/FFE7A0/333333?text=🌟+Moral+Stories'),
('Moral Stories 3', 'ml', 'moral', 'ഒരു ചെറിയ ഗ്രാമത്തിൽ ചിന്നി എന്ന കുട്ടി ഉണ്ടായിരുന്നു. മരത്തിനരികിൽ കണ്ട പഴ്‌സ് അധ്യാപകനു നൽകി. എല്ലാവരും അവന്റെ സത്യസന്ധതയെ പ്രശംസിച്ചു.', '4-10', '2 min', 'https://placehold.co/700x430/FFE7A0/333333?text=🌟+Moral+Stories'),
('Comedy Stories 1', 'en', 'comedy', 'Raju wore two different shoes to school. His friends laughed, but Raju smiled and said, ''Today my shoes are also best friends!'' The whole class laughed happily. Even the teacher said Raju made the morning bright.', '4-10', '3 min', 'https://placehold.co/700x430/FFE7A0/333333?text=😂+Comedy+Stories'),
('Comedy Stories 2', 'en', 'comedy', 'Raju wore two different shoes to school. His friends laughed, but Raju smiled and said, ''Today my shoes are also best friends!'' The whole class laughed happily. Even the teacher said Raju made the morning bright.', '4-10', '4 min', 'https://placehold.co/700x430/FFE7A0/333333?text=😂+Comedy+Stories'),
('Comedy Stories 3', 'en', 'comedy', 'Raju wore two different shoes to school. His friends laughed, but Raju smiled and said, ''Today my shoes are also best friends!'' The whole class laughed happily. Even the teacher said Raju made the morning bright.', '4-10', '2 min', 'https://placehold.co/700x430/FFE7A0/333333?text=😂+Comedy+Stories'),
('హాస్య కథలు 1', 'te', 'comedy', 'రాజు ఒక రోజు రెండు వేరే రంగుల చెప్పులు వేసుకొని స్కూల్‌కు వెళ్లాడు. స్నేహితులు నవ్వారు. రాజు నవ్వుతూ, ''ఈ రోజు నా చెప్పులు కూడా స్నేహితులయ్యాయి'' అన్నాడు. అందరూ గట్టిగా నవ్వారు. ఆ రోజు క్లాస్ మొత్తం ఆనందంగా గడిచింది.', '4-10', '3 min', 'https://placehold.co/700x430/FFE7A0/333333?text=😂+Comedy+Stories'),
('హాస్య కథలు 2', 'te', 'comedy', 'రాజు ఒక రోజు రెండు వేరే రంగుల చెప్పులు వేసుకొని స్కూల్‌కు వెళ్లాడు. స్నేహితులు నవ్వారు. రాజు నవ్వుతూ, ''ఈ రోజు నా చెప్పులు కూడా స్నేహితులయ్యాయి'' అన్నాడు. అందరూ గట్టిగా నవ్వారు. ఆ రోజు క్లాస్ మొత్తం ఆనందంగా గడిచింది.', '4-10', '4 min', 'https://placehold.co/700x430/FFE7A0/333333?text=😂+Comedy+Stories'),
('హాస్య కథలు 3', 'te', 'comedy', 'రాజు ఒక రోజు రెండు వేరే రంగుల చెప్పులు వేసుకొని స్కూల్‌కు వెళ్లాడు. స్నేహితులు నవ్వారు. రాజు నవ్వుతూ, ''ఈ రోజు నా చెప్పులు కూడా స్నేహితులయ్యాయి'' అన్నాడు. అందరూ గట్టిగా నవ్వారు. ఆ రోజు క్లాస్ మొత్తం ఆనందంగా గడిచింది.', '4-10', '2 min', 'https://placehold.co/700x430/FFE7A0/333333?text=😂+Comedy+Stories'),
('Comedy Stories 1', 'hi', 'comedy', 'राजू दो अलग-अलग जूते पहनकर स्कूल गया। सब हँसे, तो राजू बोला, आज मेरे जूते भी दोस्त बन गए हैं। पूरी कक्षा खुश हो गई।', '4-10', '3 min', 'https://placehold.co/700x430/FFE7A0/333333?text=😂+Comedy+Stories'),
('Comedy Stories 2', 'hi', 'comedy', 'राजू दो अलग-अलग जूते पहनकर स्कूल गया। सब हँसे, तो राजू बोला, आज मेरे जूते भी दोस्त बन गए हैं। पूरी कक्षा खुश हो गई।', '4-10', '4 min', 'https://placehold.co/700x430/FFE7A0/333333?text=😂+Comedy+Stories'),
('Comedy Stories 3', 'hi', 'comedy', 'राजू दो अलग-अलग जूते पहनकर स्कूल गया। सब हँसे, तो राजू बोला, आज मेरे जूते भी दोस्त बन गए हैं। पूरी कक्षा खुश हो गई।', '4-10', '2 min', 'https://placehold.co/700x430/FFE7A0/333333?text=😂+Comedy+Stories'),
('Comedy Stories 1', 'ta', 'comedy', 'ராஜு இரண்டு வேறு நிற செருப்புகள் அணிந்து பள்ளிக்கு வந்தான். நண்பர்கள் சிரித்தனர். ராஜு, இன்று என் செருப்புகளும் நண்பர்கள் என்றான்.', '4-10', '3 min', 'https://placehold.co/700x430/FFE7A0/333333?text=😂+Comedy+Stories'),
('Comedy Stories 2', 'ta', 'comedy', 'ராஜு இரண்டு வேறு நிற செருப்புகள் அணிந்து பள்ளிக்கு வந்தான். நண்பர்கள் சிரித்தனர். ராஜு, இன்று என் செருப்புகளும் நண்பர்கள் என்றான்.', '4-10', '4 min', 'https://placehold.co/700x430/FFE7A0/333333?text=😂+Comedy+Stories'),
('Comedy Stories 3', 'ta', 'comedy', 'ராஜு இரண்டு வேறு நிற செருப்புகள் அணிந்து பள்ளிக்கு வந்தான். நண்பர்கள் சிரித்தனர். ராஜு, இன்று என் செருப்புகளும் நண்பர்கள் என்றான்.', '4-10', '2 min', 'https://placehold.co/700x430/FFE7A0/333333?text=😂+Comedy+Stories'),
('Comedy Stories 1', 'kn', 'comedy', 'ರಾಜು ಎರಡು ಬೇರೆ ಬಣ್ಣದ ಚಪ್ಪಲಿಗಳನ್ನು ಹಾಕಿಕೊಂಡು ಶಾಲೆಗೆ ಹೋದ. ಎಲ್ಲರೂ ನಕ್ಕರು. ರಾಜು, ಇಂದು ನನ್ನ ಚಪ್ಪಲಿಗಳೂ ಸ್ನೇಹಿತರು ಎಂದ.', '4-10', '3 min', 'https://placehold.co/700x430/FFE7A0/333333?text=😂+Comedy+Stories'),
('Comedy Stories 2', 'kn', 'comedy', 'ರಾಜು ಎರಡು ಬೇರೆ ಬಣ್ಣದ ಚಪ್ಪಲಿಗಳನ್ನು ಹಾಕಿಕೊಂಡು ಶಾಲೆಗೆ ಹೋದ. ಎಲ್ಲರೂ ನಕ್ಕರು. ರಾಜು, ಇಂದು ನನ್ನ ಚಪ್ಪಲಿಗಳೂ ಸ್ನೇಹಿತರು ಎಂದ.', '4-10', '4 min', 'https://placehold.co/700x430/FFE7A0/333333?text=😂+Comedy+Stories'),
('Comedy Stories 3', 'kn', 'comedy', 'ರಾಜು ಎರಡು ಬೇರೆ ಬಣ್ಣದ ಚಪ್ಪಲಿಗಳನ್ನು ಹಾಕಿಕೊಂಡು ಶಾಲೆಗೆ ಹೋದ. ಎಲ್ಲರೂ ನಕ್ಕರು. ರಾಜು, ಇಂದು ನನ್ನ ಚಪ್ಪಲಿಗಳೂ ಸ್ನೇಹಿತರು ಎಂದ.', '4-10', '2 min', 'https://placehold.co/700x430/FFE7A0/333333?text=😂+Comedy+Stories'),
('Comedy Stories 1', 'ml', 'comedy', 'രാജു രണ്ട് വ്യത്യസ്ത ചെരിപ്പുകൾ ധരിച്ച് സ്കൂളിൽ പോയി. എല്ലാവരും ചിരിച്ചു. രാജു പറഞ്ഞു, ഇന്ന് എന്റെ ചെരിപ്പുകളും സുഹൃത്തുക്കളാണ്.', '4-10', '3 min', 'https://placehold.co/700x430/FFE7A0/333333?text=😂+Comedy+Stories'),
('Comedy Stories 2', 'ml', 'comedy', 'രാജു രണ്ട് വ്യത്യസ്ത ചെരിപ്പുകൾ ധരിച്ച് സ്കൂളിൽ പോയി. എല്ലാവരും ചിരിച്ചു. രാജു പറഞ്ഞു, ഇന്ന് എന്റെ ചെരിപ്പുകളും സുഹൃത്തുക്കളാണ്.', '4-10', '4 min', 'https://placehold.co/700x430/FFE7A0/333333?text=😂+Comedy+Stories'),
('Comedy Stories 3', 'ml', 'comedy', 'രാജു രണ്ട് വ്യത്യസ്ത ചെരിപ്പുകൾ ധരിച്ച് സ്കൂളിൽ പോയി. എല്ലാവരും ചിരിച്ചു. രാജു പറഞ്ഞു, ഇന്ന് എന്റെ ചെരിപ്പുകളും സുഹൃത്തുക്കളാണ്.', '4-10', '2 min', 'https://placehold.co/700x430/FFE7A0/333333?text=😂+Comedy+Stories'),
('Adventure Stories 1', 'en', 'adventure', 'Maya found a tiny map under an old book. She followed the path to a garden filled with butterflies. At the end, she found a box with seeds. She planted them, and the village became colorful.', '4-10', '3 min', 'https://placehold.co/700x430/FFE7A0/333333?text=🧭+Adventure+Stories'),
('Adventure Stories 2', 'en', 'adventure', 'Maya found a tiny map under an old book. She followed the path to a garden filled with butterflies. At the end, she found a box with seeds. She planted them, and the village became colorful.', '4-10', '4 min', 'https://placehold.co/700x430/FFE7A0/333333?text=🧭+Adventure+Stories'),
('Adventure Stories 3', 'en', 'adventure', 'Maya found a tiny map under an old book. She followed the path to a garden filled with butterflies. At the end, she found a box with seeds. She planted them, and the village became colorful.', '4-10', '2 min', 'https://placehold.co/700x430/FFE7A0/333333?text=🧭+Adventure+Stories'),
('సాహస కథలు 1', 'te', 'adventure', 'మాయకు పాత పుస్తకం కింద చిన్న మ్యాప్ దొరికింది. ఆమె ఆ మార్గాన్ని అనుసరించి సీతాకోకచిలుకలతో నిండిన తోటకు వెళ్లింది. చివరలో ఒక విత్తనాల పెట్టె దొరికింది. వాటిని నాటింది. కొన్ని రోజుల తర్వాత గ్రామం రంగురంగుల పూలతో అందంగా మారింది.', '4-10', '3 min', 'https://placehold.co/700x430/FFE7A0/333333?text=🧭+Adventure+Stories'),
('సాహస కథలు 2', 'te', 'adventure', 'మాయకు పాత పుస్తకం కింద చిన్న మ్యాప్ దొరికింది. ఆమె ఆ మార్గాన్ని అనుసరించి సీతాకోకచిలుకలతో నిండిన తోటకు వెళ్లింది. చివరలో ఒక విత్తనాల పెట్టె దొరికింది. వాటిని నాటింది. కొన్ని రోజుల తర్వాత గ్రామం రంగురంగుల పూలతో అందంగా మారింది.', '4-10', '4 min', 'https://placehold.co/700x430/FFE7A0/333333?text=🧭+Adventure+Stories'),
('సాహస కథలు 3', 'te', 'adventure', 'మాయకు పాత పుస్తకం కింద చిన్న మ్యాప్ దొరికింది. ఆమె ఆ మార్గాన్ని అనుసరించి సీతాకోకచిలుకలతో నిండిన తోటకు వెళ్లింది. చివరలో ఒక విత్తనాల పెట్టె దొరికింది. వాటిని నాటింది. కొన్ని రోజుల తర్వాత గ్రామం రంగురంగుల పూలతో అందంగా మారింది.', '4-10', '2 min', 'https://placehold.co/700x430/FFE7A0/333333?text=🧭+Adventure+Stories'),
('Adventure Stories 1', 'hi', 'adventure', 'माया को एक पुरानी किताब में छोटा नक्शा मिला। वह रास्ते पर चली और तितलियों वाले सुंदर बगीचे में पहुँची।', '4-10', '3 min', 'https://placehold.co/700x430/FFE7A0/333333?text=🧭+Adventure+Stories'),
('Adventure Stories 2', 'hi', 'adventure', 'माया को एक पुरानी किताब में छोटा नक्शा मिला। वह रास्ते पर चली और तितलियों वाले सुंदर बगीचे में पहुँची।', '4-10', '4 min', 'https://placehold.co/700x430/FFE7A0/333333?text=🧭+Adventure+Stories'),
('Adventure Stories 3', 'hi', 'adventure', 'माया को एक पुरानी किताब में छोटा नक्शा मिला। वह रास्ते पर चली और तितलियों वाले सुंदर बगीचे में पहुँची।', '4-10', '2 min', 'https://placehold.co/700x430/FFE7A0/333333?text=🧭+Adventure+Stories'),
('Adventure Stories 1', 'ta', 'adventure', 'மாயா பழைய புத்தகத்தில் ஒரு சிறிய வரைபடம் கண்டாள். அதை பின்தொடர்ந்து வண்ணத்துப்பூச்சிகள் நிறைந்த தோட்டத்துக்கு சென்றாள்.', '4-10', '3 min', 'https://placehold.co/700x430/FFE7A0/333333?text=🧭+Adventure+Stories'),
('Adventure Stories 2', 'ta', 'adventure', 'மாயா பழைய புத்தகத்தில் ஒரு சிறிய வரைபடம் கண்டாள். அதை பின்தொடர்ந்து வண்ணத்துப்பூச்சிகள் நிறைந்த தோட்டத்துக்கு சென்றாள்.', '4-10', '4 min', 'https://placehold.co/700x430/FFE7A0/333333?text=🧭+Adventure+Stories'),
('Adventure Stories 3', 'ta', 'adventure', 'மாயா பழைய புத்தகத்தில் ஒரு சிறிய வரைபடம் கண்டாள். அதை பின்தொடர்ந்து வண்ணத்துப்பூச்சிகள் நிறைந்த தோட்டத்துக்கு சென்றாள்.', '4-10', '2 min', 'https://placehold.co/700x430/FFE7A0/333333?text=🧭+Adventure+Stories'),
('Adventure Stories 1', 'kn', 'adventure', 'ಮಾಯಾಗೆ ಹಳೆಯ ಪುಸ್ತಕದೊಳಗೆ ಚಿಕ್ಕ ನಕ್ಷೆ ಸಿಕ್ಕಿತು. ಅದನ್ನು ಅನುಸರಿಸಿ ಚಿಟ್ಟೆಗಳ ತೋಟಕ್ಕೆ ಹೋದಳು.', '4-10', '3 min', 'https://placehold.co/700x430/FFE7A0/333333?text=🧭+Adventure+Stories'),
('Adventure Stories 2', 'kn', 'adventure', 'ಮಾಯಾಗೆ ಹಳೆಯ ಪುಸ್ತಕದೊಳಗೆ ಚಿಕ್ಕ ನಕ್ಷೆ ಸಿಕ್ಕಿತು. ಅದನ್ನು ಅನುಸರಿಸಿ ಚಿಟ್ಟೆಗಳ ತೋಟಕ್ಕೆ ಹೋದಳು.', '4-10', '4 min', 'https://placehold.co/700x430/FFE7A0/333333?text=🧭+Adventure+Stories'),
('Adventure Stories 3', 'kn', 'adventure', 'ಮಾಯಾಗೆ ಹಳೆಯ ಪುಸ್ತಕದೊಳಗೆ ಚಿಕ್ಕ ನಕ್ಷೆ ಸಿಕ್ಕಿತು. ಅದನ್ನು ಅನುಸರಿಸಿ ಚಿಟ್ಟೆಗಳ ತೋಟಕ್ಕೆ ಹೋದಳು.', '4-10', '2 min', 'https://placehold.co/700x430/FFE7A0/333333?text=🧭+Adventure+Stories'),
('Adventure Stories 1', 'ml', 'adventure', 'മായ പഴയ പുസ്തകത്തിൽ ഒരു ചെറിയ മാപ്പ് കണ്ടു. അത് പിന്തുടർന്ന് ശലഭങ്ങളുള്ള തോട്ടത്തിൽ എത്തി.', '4-10', '3 min', 'https://placehold.co/700x430/FFE7A0/333333?text=🧭+Adventure+Stories'),
('Adventure Stories 2', 'ml', 'adventure', 'മായ പഴയ പുസ്തകത്തിൽ ഒരു ചെറിയ മാപ്പ് കണ്ടു. അത് പിന്തുടർന്ന് ശലഭങ്ങളുള്ള തോട്ടത്തിൽ എത്തി.', '4-10', '4 min', 'https://placehold.co/700x430/FFE7A0/333333?text=🧭+Adventure+Stories'),
('Adventure Stories 3', 'ml', 'adventure', 'മായ പഴയ പുസ്തകത്തിൽ ഒരു ചെറിയ മാപ്പ് കണ്ടു. അത് പിന്തുടർന്ന് ശലഭങ്ങളുള്ള തോട്ടത്തിൽ എത്തി.', '4-10', '2 min', 'https://placehold.co/700x430/FFE7A0/333333?text=🧭+Adventure+Stories'),
('Fantasy Stories 1', 'en', 'fantasy', 'A little star fell into Tara''s window. Tara helped it shine again by singing a sweet song. The star returned to the sky and blinked every night to thank her.', '4-10', '3 min', 'https://placehold.co/700x430/FFE7A0/333333?text=✨+Fantasy+Stories'),
('Fantasy Stories 2', 'en', 'fantasy', 'A little star fell into Tara''s window. Tara helped it shine again by singing a sweet song. The star returned to the sky and blinked every night to thank her.', '4-10', '4 min', 'https://placehold.co/700x430/FFE7A0/333333?text=✨+Fantasy+Stories'),
('Fantasy Stories 3', 'en', 'fantasy', 'A little star fell into Tara''s window. Tara helped it shine again by singing a sweet song. The star returned to the sky and blinked every night to thank her.', '4-10', '2 min', 'https://placehold.co/700x430/FFE7A0/333333?text=✨+Fantasy+Stories'),
('మాయా కథలు 1', 'te', 'fantasy', 'ఒక చిన్న నక్షత్రం తార కిటికీలోకి వచ్చింది. అది వెలుగు తగ్గి బాధగా ఉంది. తార మృదువుగా పాట పాడింది. నక్షత్రం మళ్లీ మెరిసింది. ఆ రాత్రి నుంచి ప్రతి రోజు ఆ నక్షత్రం తారకు ధన్యవాదంగా మెరుస్తూ ఉండేది.', '4-10', '3 min', 'https://placehold.co/700x430/FFE7A0/333333?text=✨+Fantasy+Stories'),
('మాయా కథలు 2', 'te', 'fantasy', 'ఒక చిన్న నక్షత్రం తార కిటికీలోకి వచ్చింది. అది వెలుగు తగ్గి బాధగా ఉంది. తార మృదువుగా పాట పాడింది. నక్షత్రం మళ్లీ మెరిసింది. ఆ రాత్రి నుంచి ప్రతి రోజు ఆ నక్షత్రం తారకు ధన్యవాదంగా మెరుస్తూ ఉండేది.', '4-10', '4 min', 'https://placehold.co/700x430/FFE7A0/333333?text=✨+Fantasy+Stories'),
('మాయా కథలు 3', 'te', 'fantasy', 'ఒక చిన్న నక్షత్రం తార కిటికీలోకి వచ్చింది. అది వెలుగు తగ్గి బాధగా ఉంది. తార మృదువుగా పాట పాడింది. నక్షత్రం మళ్లీ మెరిసింది. ఆ రాత్రి నుంచి ప్రతి రోజు ఆ నక్షత్రం తారకు ధన్యవాదంగా మెరుస్తూ ఉండేది.', '4-10', '2 min', 'https://placehold.co/700x430/FFE7A0/333333?text=✨+Fantasy+Stories'),
('Fantasy Stories 1', 'hi', 'fantasy', 'तारा की खिड़की पर एक छोटा तारा आया। तारा ने गीत गाया और तारा फिर चमकने लगा।', '4-10', '3 min', 'https://placehold.co/700x430/FFE7A0/333333?text=✨+Fantasy+Stories'),
('Fantasy Stories 2', 'hi', 'fantasy', 'तारा की खिड़की पर एक छोटा तारा आया। तारा ने गीत गाया और तारा फिर चमकने लगा।', '4-10', '4 min', 'https://placehold.co/700x430/FFE7A0/333333?text=✨+Fantasy+Stories'),
('Fantasy Stories 3', 'hi', 'fantasy', 'तारा की खिड़की पर एक छोटा तारा आया। तारा ने गीत गाया और तारा फिर चमकने लगा।', '4-10', '2 min', 'https://placehold.co/700x430/FFE7A0/333333?text=✨+Fantasy+Stories'),
('Fantasy Stories 1', 'ta', 'fantasy', 'தாராவின் ஜன்னலுக்கு ஒரு சிறிய நட்சத்திரம் வந்தது. தாரா பாடியதும் அது மீண்டும் பிரகாசித்தது.', '4-10', '3 min', 'https://placehold.co/700x430/FFE7A0/333333?text=✨+Fantasy+Stories'),
('Fantasy Stories 2', 'ta', 'fantasy', 'தாராவின் ஜன்னலுக்கு ஒரு சிறிய நட்சத்திரம் வந்தது. தாரா பாடியதும் அது மீண்டும் பிரகாசித்தது.', '4-10', '4 min', 'https://placehold.co/700x430/FFE7A0/333333?text=✨+Fantasy+Stories'),
('Fantasy Stories 3', 'ta', 'fantasy', 'தாராவின் ஜன்னலுக்கு ஒரு சிறிய நட்சத்திரம் வந்தது. தாரா பாடியதும் அது மீண்டும் பிரகாசித்தது.', '4-10', '2 min', 'https://placehold.co/700x430/FFE7A0/333333?text=✨+Fantasy+Stories'),
('Fantasy Stories 1', 'kn', 'fantasy', 'ತಾರಾ ಕಿಟಕಿಗೆ ಚಿಕ್ಕ ನಕ್ಷತ್ರ ಬಂತು. ತಾರಾ ಹಾಡಿದಾಗ ಅದು ಮತ್ತೆ ಮಿನುಗಿತು.', '4-10', '3 min', 'https://placehold.co/700x430/FFE7A0/333333?text=✨+Fantasy+Stories'),
('Fantasy Stories 2', 'kn', 'fantasy', 'ತಾರಾ ಕಿಟಕಿಗೆ ಚಿಕ್ಕ ನಕ್ಷತ್ರ ಬಂತು. ತಾರಾ ಹಾಡಿದಾಗ ಅದು ಮತ್ತೆ ಮಿನುಗಿತು.', '4-10', '4 min', 'https://placehold.co/700x430/FFE7A0/333333?text=✨+Fantasy+Stories'),
('Fantasy Stories 3', 'kn', 'fantasy', 'ತಾರಾ ಕಿಟಕಿಗೆ ಚಿಕ್ಕ ನಕ್ಷತ್ರ ಬಂತು. ತಾರಾ ಹಾಡಿದಾಗ ಅದು ಮತ್ತೆ ಮಿನುಗಿತು.', '4-10', '2 min', 'https://placehold.co/700x430/FFE7A0/333333?text=✨+Fantasy+Stories'),
('Fantasy Stories 1', 'ml', 'fantasy', 'താരയുടെ ജനലിൽ ഒരു ചെറിയ നക്ഷത്രം വന്നു. താര പാടിയപ്പോൾ അത് വീണ്ടും പ്രകാശിച്ചു.', '4-10', '3 min', 'https://placehold.co/700x430/FFE7A0/333333?text=✨+Fantasy+Stories'),
('Fantasy Stories 2', 'ml', 'fantasy', 'താരയുടെ ജനലിൽ ഒരു ചെറിയ നക്ഷത്രം വന്നു. താര പാടിയപ്പോൾ അത് വീണ്ടും പ്രകാശിച്ചു.', '4-10', '4 min', 'https://placehold.co/700x430/FFE7A0/333333?text=✨+Fantasy+Stories'),
('Fantasy Stories 3', 'ml', 'fantasy', 'താരയുടെ ജനലിൽ ഒരു ചെറിയ നക്ഷത്രം വന്നു. താര പാടിയപ്പോൾ അത് വീണ്ടും പ്രകാശിച്ചു.', '4-10', '2 min', 'https://placehold.co/700x430/FFE7A0/333333?text=✨+Fantasy+Stories'),
('Soft Mystery 1', 'en', 'mystery', 'Every night a soft bell rang near the window. Kiran followed the sound and found a kitten playing with a tiny bell. The mystery was not scary at all. It became Kiran''s new friend.', '4-10', '3 min', 'https://placehold.co/700x430/FFE7A0/333333?text=🔍+Soft+Mystery'),
('Soft Mystery 2', 'en', 'mystery', 'Every night a soft bell rang near the window. Kiran followed the sound and found a kitten playing with a tiny bell. The mystery was not scary at all. It became Kiran''s new friend.', '4-10', '4 min', 'https://placehold.co/700x430/FFE7A0/333333?text=🔍+Soft+Mystery'),
('Soft Mystery 3', 'en', 'mystery', 'Every night a soft bell rang near the window. Kiran followed the sound and found a kitten playing with a tiny bell. The mystery was not scary at all. It became Kiran''s new friend.', '4-10', '2 min', 'https://placehold.co/700x430/FFE7A0/333333?text=🔍+Soft+Mystery'),
('చిన్న రహస్య కథలు 1', 'te', 'mystery', 'ప్రతి రాత్రి కిరణ్ కిటికీ దగ్గర చిన్న గంట శబ్దం వినిపించేది. అతను భయపడకుండా మెల్లగా చూసాడు. అక్కడ ఒక చిన్న పిల్లి గంటతో ఆడుకుంటోంది. ఆ రహస్యం భయంకరం కాదు. ఆ పిల్లి కిరణ్‌కు మంచి స్నేహితురాలైంది.', '4-10', '3 min', 'https://placehold.co/700x430/FFE7A0/333333?text=🔍+Soft+Mystery'),
('చిన్న రహస్య కథలు 2', 'te', 'mystery', 'ప్రతి రాత్రి కిరణ్ కిటికీ దగ్గర చిన్న గంట శబ్దం వినిపించేది. అతను భయపడకుండా మెల్లగా చూసాడు. అక్కడ ఒక చిన్న పిల్లి గంటతో ఆడుకుంటోంది. ఆ రహస్యం భయంకరం కాదు. ఆ పిల్లి కిరణ్‌కు మంచి స్నేహితురాలైంది.', '4-10', '4 min', 'https://placehold.co/700x430/FFE7A0/333333?text=🔍+Soft+Mystery'),
('చిన్న రహస్య కథలు 3', 'te', 'mystery', 'ప్రతి రాత్రి కిరణ్ కిటికీ దగ్గర చిన్న గంట శబ్దం వినిపించేది. అతను భయపడకుండా మెల్లగా చూసాడు. అక్కడ ఒక చిన్న పిల్లి గంటతో ఆడుకుంటోంది. ఆ రహస్యం భయంకరం కాదు. ఆ పిల్లి కిరణ్‌కు మంచి స్నేహితురాలైంది.', '4-10', '2 min', 'https://placehold.co/700x430/FFE7A0/333333?text=🔍+Soft+Mystery'),
('Soft Mystery 1', 'hi', 'mystery', 'हर रात खिड़की के पास घंटी बजती थी। किरण ने देखा तो एक बिल्ली घंटी से खेल रही थी।', '4-10', '3 min', 'https://placehold.co/700x430/FFE7A0/333333?text=🔍+Soft+Mystery'),
('Soft Mystery 2', 'hi', 'mystery', 'हर रात खिड़की के पास घंटी बजती थी। किरण ने देखा तो एक बिल्ली घंटी से खेल रही थी।', '4-10', '4 min', 'https://placehold.co/700x430/FFE7A0/333333?text=🔍+Soft+Mystery'),
('Soft Mystery 3', 'hi', 'mystery', 'हर रात खिड़की के पास घंटी बजती थी। किरण ने देखा तो एक बिल्ली घंटी से खेल रही थी।', '4-10', '2 min', 'https://placehold.co/700x430/FFE7A0/333333?text=🔍+Soft+Mystery'),
('Soft Mystery 1', 'ta', 'mystery', 'ஒவ்வொரு இரவும் ஜன்னலருகே மணி ஓசை கேட்டது. கிரண் பார்த்தபோது ஒரு குட்டி பூனை மணியுடன் விளையாடியது.', '4-10', '3 min', 'https://placehold.co/700x430/FFE7A0/333333?text=🔍+Soft+Mystery'),
('Soft Mystery 2', 'ta', 'mystery', 'ஒவ்வொரு இரவும் ஜன்னலருகே மணி ஓசை கேட்டது. கிரண் பார்த்தபோது ஒரு குட்டி பூனை மணியுடன் விளையாடியது.', '4-10', '4 min', 'https://placehold.co/700x430/FFE7A0/333333?text=🔍+Soft+Mystery'),
('Soft Mystery 3', 'ta', 'mystery', 'ஒவ்வொரு இரவும் ஜன்னலருகே மணி ஓசை கேட்டது. கிரண் பார்த்தபோது ஒரு குட்டி பூனை மணியுடன் விளையாடியது.', '4-10', '2 min', 'https://placehold.co/700x430/FFE7A0/333333?text=🔍+Soft+Mystery'),
('Soft Mystery 1', 'kn', 'mystery', 'ಪ್ರತಿ ರಾತ್ರಿ ಕಿಟಕಿಯ ಬಳಿ ಗಂಟೆ ಶಬ್ದ ಕೇಳುತ್ತಿತ್ತು. ಕಿರಣ್ ನೋಡಿದಾಗ ಒಂದು ಬೆಕ್ಕು ಗಂಟೆಯಿಂದ ಆಟವಾಡುತ್ತಿತ್ತು.', '4-10', '3 min', 'https://placehold.co/700x430/FFE7A0/333333?text=🔍+Soft+Mystery'),
('Soft Mystery 2', 'kn', 'mystery', 'ಪ್ರತಿ ರಾತ್ರಿ ಕಿಟಕಿಯ ಬಳಿ ಗಂಟೆ ಶಬ್ದ ಕೇಳುತ್ತಿತ್ತು. ಕಿರಣ್ ನೋಡಿದಾಗ ಒಂದು ಬೆಕ್ಕು ಗಂಟೆಯಿಂದ ಆಟವಾಡುತ್ತಿತ್ತು.', '4-10', '4 min', 'https://placehold.co/700x430/FFE7A0/333333?text=🔍+Soft+Mystery'),
('Soft Mystery 3', 'kn', 'mystery', 'ಪ್ರತಿ ರಾತ್ರಿ ಕಿಟಕಿಯ ಬಳಿ ಗಂಟೆ ಶಬ್ದ ಕೇಳುತ್ತಿತ್ತು. ಕಿರಣ್ ನೋಡಿದಾಗ ಒಂದು ಬೆಕ್ಕು ಗಂಟೆಯಿಂದ ಆಟವಾಡುತ್ತಿತ್ತು.', '4-10', '2 min', 'https://placehold.co/700x430/FFE7A0/333333?text=🔍+Soft+Mystery'),
('Soft Mystery 1', 'ml', 'mystery', 'ഓരോ രാത്രിയും ജനലിനരികിൽ മണിയൊലി കേൾക്കുമായിരുന്നു. കിരൺ നോക്കിയപ്പോൾ ഒരു പൂച്ച മണിയുമായി കളിക്കുകയായിരുന്നു.', '4-10', '3 min', 'https://placehold.co/700x430/FFE7A0/333333?text=🔍+Soft+Mystery'),
('Soft Mystery 2', 'ml', 'mystery', 'ഓരോ രാത്രിയും ജനലിനരികിൽ മണിയൊലി കേൾക്കുമായിരുന്നു. കിരൺ നോക്കിയപ്പോൾ ഒരു പൂച്ച മണിയുമായി കളിക്കുകയായിരുന്നു.', '4-10', '4 min', 'https://placehold.co/700x430/FFE7A0/333333?text=🔍+Soft+Mystery'),
('Soft Mystery 3', 'ml', 'mystery', 'ഓരോ രാത്രിയും ജനലിനരികിൽ മണിയൊലി കേൾക്കുമായിരുന്നു. കിരൺ നോക്കിയപ്പോൾ ഒരു പൂച്ച മണിയുമായി കളിക്കുകയായിരുന്നു.', '4-10', '2 min', 'https://placehold.co/700x430/FFE7A0/333333?text=🔍+Soft+Mystery'),
('Bedtime Stories 1', 'en', 'bedtime', 'The moon slowly came above the village. Grandma told Balu about a dream boat that sailed on clouds. Balu closed his eyes and traveled through stars in a peaceful dream.', '4-10', '3 min', 'https://placehold.co/700x430/FFE7A0/333333?text=🌙+Bedtime+Stories'),
('Bedtime Stories 2', 'en', 'bedtime', 'The moon slowly came above the village. Grandma told Balu about a dream boat that sailed on clouds. Balu closed his eyes and traveled through stars in a peaceful dream.', '4-10', '4 min', 'https://placehold.co/700x430/FFE7A0/333333?text=🌙+Bedtime+Stories'),
('Bedtime Stories 3', 'en', 'bedtime', 'The moon slowly came above the village. Grandma told Balu about a dream boat that sailed on clouds. Balu closed his eyes and traveled through stars in a peaceful dream.', '4-10', '2 min', 'https://placehold.co/700x430/FFE7A0/333333?text=🌙+Bedtime+Stories'),
('నిద్ర కథలు 1', 'te', 'bedtime', 'చంద్రుడు మెల్లగా గ్రామం మీదికి వచ్చాడు. అమ్మమ్మ బాలు కి మేఘాల మీద ప్రయాణించే కలల పడవ కథ చెప్పింది. బాలు కళ్ళు మూసుకుని నక్షత్రాల మధ్య ప్రశాంతంగా ప్రయాణిస్తున్నట్లు కల కనాడు.', '4-10', '3 min', 'https://placehold.co/700x430/FFE7A0/333333?text=🌙+Bedtime+Stories'),
('నిద్ర కథలు 2', 'te', 'bedtime', 'చంద్రుడు మెల్లగా గ్రామం మీదికి వచ్చాడు. అమ్మమ్మ బాలు కి మేఘాల మీద ప్రయాణించే కలల పడవ కథ చెప్పింది. బాలు కళ్ళు మూసుకుని నక్షత్రాల మధ్య ప్రశాంతంగా ప్రయాణిస్తున్నట్లు కల కనాడు.', '4-10', '4 min', 'https://placehold.co/700x430/FFE7A0/333333?text=🌙+Bedtime+Stories'),
('నిద్ర కథలు 3', 'te', 'bedtime', 'చంద్రుడు మెల్లగా గ్రామం మీదికి వచ్చాడు. అమ్మమ్మ బాలు కి మేఘాల మీద ప్రయాణించే కలల పడవ కథ చెప్పింది. బాలు కళ్ళు మూసుకుని నక్షత్రాల మధ్య ప్రశాంతంగా ప్రయాణిస్తున్నట్లు కల కనాడు.', '4-10', '2 min', 'https://placehold.co/700x430/FFE7A0/333333?text=🌙+Bedtime+Stories'),
('Bedtime Stories 1', 'hi', 'bedtime', 'चाँद गाँव के ऊपर आ गया। दादी ने बादलों की नाव की कहानी सुनाई और बालू शांत नींद में सो गया।', '4-10', '3 min', 'https://placehold.co/700x430/FFE7A0/333333?text=🌙+Bedtime+Stories'),
('Bedtime Stories 2', 'hi', 'bedtime', 'चाँद गाँव के ऊपर आ गया। दादी ने बादलों की नाव की कहानी सुनाई और बालू शांत नींद में सो गया।', '4-10', '4 min', 'https://placehold.co/700x430/FFE7A0/333333?text=🌙+Bedtime+Stories'),
('Bedtime Stories 3', 'hi', 'bedtime', 'चाँद गाँव के ऊपर आ गया। दादी ने बादलों की नाव की कहानी सुनाई और बालू शांत नींद में सो गया।', '4-10', '2 min', 'https://placehold.co/700x430/FFE7A0/333333?text=🌙+Bedtime+Stories'),
('Bedtime Stories 1', 'ta', 'bedtime', 'நிலா மெதுவாக வந்தது. பாட்டி மேக படகின் கதையை சொன்னார். பாலு அமைதியாக தூங்கினான்.', '4-10', '3 min', 'https://placehold.co/700x430/FFE7A0/333333?text=🌙+Bedtime+Stories'),
('Bedtime Stories 2', 'ta', 'bedtime', 'நிலா மெதுவாக வந்தது. பாட்டி மேக படகின் கதையை சொன்னார். பாலு அமைதியாக தூங்கினான்.', '4-10', '4 min', 'https://placehold.co/700x430/FFE7A0/333333?text=🌙+Bedtime+Stories'),
('Bedtime Stories 3', 'ta', 'bedtime', 'நிலா மெதுவாக வந்தது. பாட்டி மேக படகின் கதையை சொன்னார். பாலு அமைதியாக தூங்கினான்.', '4-10', '2 min', 'https://placehold.co/700x430/FFE7A0/333333?text=🌙+Bedtime+Stories'),
('Bedtime Stories 1', 'kn', 'bedtime', 'ಚಂದ್ರನು ನಿಧಾನವಾಗಿ ಹಳ್ಳಿಯ ಮೇಲೆ ಬಂದ. ಅಜ್ಜಿ ಮೋಡದ ದೋಣಿ ಕಥೆ ಹೇಳಿದಳು. ಬಾಲು ಶಾಂತವಾಗಿ ನಿದ್ರೆ ಹೋದ.', '4-10', '3 min', 'https://placehold.co/700x430/FFE7A0/333333?text=🌙+Bedtime+Stories'),
('Bedtime Stories 2', 'kn', 'bedtime', 'ಚಂದ್ರನು ನಿಧಾನವಾಗಿ ಹಳ್ಳಿಯ ಮೇಲೆ ಬಂದ. ಅಜ್ಜಿ ಮೋಡದ ದೋಣಿ ಕಥೆ ಹೇಳಿದಳು. ಬಾಲು ಶಾಂತವಾಗಿ ನಿದ್ರೆ ಹೋದ.', '4-10', '4 min', 'https://placehold.co/700x430/FFE7A0/333333?text=🌙+Bedtime+Stories'),
('Bedtime Stories 3', 'kn', 'bedtime', 'ಚಂದ್ರನು ನಿಧಾನವಾಗಿ ಹಳ್ಳಿಯ ಮೇಲೆ ಬಂದ. ಅಜ್ಜಿ ಮೋಡದ ದೋಣಿ ಕಥೆ ಹೇಳಿದಳು. ಬಾಲು ಶಾಂತವಾಗಿ ನಿದ್ರೆ ಹೋದ.', '4-10', '2 min', 'https://placehold.co/700x430/FFE7A0/333333?text=🌙+Bedtime+Stories'),
('Bedtime Stories 1', 'ml', 'bedtime', 'ചന്ദ്രൻ ഗ്രാമത്തിന് മുകളിലേക്ക് വന്നു. അമ്മൂമ്മ മേഘപ്പടവിന്റെ കഥ പറഞ്ഞു. ബാലു സമാധാനമായി ഉറങ്ങി.', '4-10', '3 min', 'https://placehold.co/700x430/FFE7A0/333333?text=🌙+Bedtime+Stories'),
('Bedtime Stories 2', 'ml', 'bedtime', 'ചന്ദ്രൻ ഗ്രാമത്തിന് മുകളിലേക്ക് വന്നു. അമ്മൂമ്മ മേഘപ്പടവിന്റെ കഥ പറഞ്ഞു. ബാലു സമാധാനമായി ഉറങ്ങി.', '4-10', '4 min', 'https://placehold.co/700x430/FFE7A0/333333?text=🌙+Bedtime+Stories'),
('Bedtime Stories 3', 'ml', 'bedtime', 'ചന്ദ്രൻ ഗ്രാമത്തിന് മുകളിലേക്ക് വന്നു. അമ്മൂമ്മ മേഘപ്പടവിന്റെ കഥ പറഞ്ഞു. ബാലു സമാധാനമായി ഉറങ്ങി.', '4-10', '2 min', 'https://placehold.co/700x430/FFE7A0/333333?text=🌙+Bedtime+Stories'),
('Animal Stories 1', 'en', 'animal', 'A small rabbit wanted to cross a stream. An elephant gently placed a log like a bridge. The rabbit thanked the elephant, and both became forest friends.', '4-10', '3 min', 'https://placehold.co/700x430/FFE7A0/333333?text=🐘+Animal+Stories'),
('Animal Stories 2', 'en', 'animal', 'A small rabbit wanted to cross a stream. An elephant gently placed a log like a bridge. The rabbit thanked the elephant, and both became forest friends.', '4-10', '4 min', 'https://placehold.co/700x430/FFE7A0/333333?text=🐘+Animal+Stories'),
('Animal Stories 3', 'en', 'animal', 'A small rabbit wanted to cross a stream. An elephant gently placed a log like a bridge. The rabbit thanked the elephant, and both became forest friends.', '4-10', '2 min', 'https://placehold.co/700x430/FFE7A0/333333?text=🐘+Animal+Stories'),
('జంతు కథలు 1', 'te', 'animal', 'ఒక చిన్న కుందేలు వాగు దాటాలని అనుకుంది. ఏనుగు ఒక చిన్న దుంగను వంతెనలా పెట్టింది. కుందేలు సంతోషంగా ధన్యవాదాలు చెప్పింది. అప్పటి నుంచి ఇద్దరూ అడవిలో మంచి స్నేహితులయ్యారు.', '4-10', '3 min', 'https://placehold.co/700x430/FFE7A0/333333?text=🐘+Animal+Stories'),
('జంతు కథలు 2', 'te', 'animal', 'ఒక చిన్న కుందేలు వాగు దాటాలని అనుకుంది. ఏనుగు ఒక చిన్న దుంగను వంతెనలా పెట్టింది. కుందేలు సంతోషంగా ధన్యవాదాలు చెప్పింది. అప్పటి నుంచి ఇద్దరూ అడవిలో మంచి స్నేహితులయ్యారు.', '4-10', '4 min', 'https://placehold.co/700x430/FFE7A0/333333?text=🐘+Animal+Stories'),
('జంతు కథలు 3', 'te', 'animal', 'ఒక చిన్న కుందేలు వాగు దాటాలని అనుకుంది. ఏనుగు ఒక చిన్న దుంగను వంతెనలా పెట్టింది. కుందేలు సంతోషంగా ధన్యవాదాలు చెప్పింది. అప్పటి నుంచి ఇద్దరూ అడవిలో మంచి స్నేహితులయ్యారు.', '4-10', '2 min', 'https://placehold.co/700x430/FFE7A0/333333?text=🐘+Animal+Stories'),
('Animal Stories 1', 'hi', 'animal', 'एक खरगोश नदी पार करना चाहता था। हाथी ने लकड़ी रखकर पुल बनाया। दोनों अच्छे दोस्त बन गए।', '4-10', '3 min', 'https://placehold.co/700x430/FFE7A0/333333?text=🐘+Animal+Stories'),
('Animal Stories 2', 'hi', 'animal', 'एक खरगोश नदी पार करना चाहता था। हाथी ने लकड़ी रखकर पुल बनाया। दोनों अच्छे दोस्त बन गए।', '4-10', '4 min', 'https://placehold.co/700x430/FFE7A0/333333?text=🐘+Animal+Stories'),
('Animal Stories 3', 'hi', 'animal', 'एक खरगोश नदी पार करना चाहता था। हाथी ने लकड़ी रखकर पुल बनाया। दोनों अच्छे दोस्त बन गए।', '4-10', '2 min', 'https://placehold.co/700x430/FFE7A0/333333?text=🐘+Animal+Stories'),
('Animal Stories 1', 'ta', 'animal', 'ஒரு முயல் ஓடையை கடக்க நினைத்தது. யானை ஒரு மரக்கட்டையை பாலமாக வைத்தது. இருவரும் நண்பர்களானார்கள்.', '4-10', '3 min', 'https://placehold.co/700x430/FFE7A0/333333?text=🐘+Animal+Stories'),
('Animal Stories 2', 'ta', 'animal', 'ஒரு முயல் ஓடையை கடக்க நினைத்தது. யானை ஒரு மரக்கட்டையை பாலமாக வைத்தது. இருவரும் நண்பர்களானார்கள்.', '4-10', '4 min', 'https://placehold.co/700x430/FFE7A0/333333?text=🐘+Animal+Stories'),
('Animal Stories 3', 'ta', 'animal', 'ஒரு முயல் ஓடையை கடக்க நினைத்தது. யானை ஒரு மரக்கட்டையை பாலமாக வைத்தது. இருவரும் நண்பர்களானார்கள்.', '4-10', '2 min', 'https://placehold.co/700x430/FFE7A0/333333?text=🐘+Animal+Stories'),
('Animal Stories 1', 'kn', 'animal', 'ಒಂದು ಮೊಲ ಹೊಳೆ ದಾಟಬೇಕೆಂದಿತು. ಆನೆ ಮರದ ತುಂಡನ್ನು ಸೇತುವೆಯಂತೆ ಇಟ್ಟಿತು. ಇಬ್ಬರೂ ಸ್ನೇಹಿತರಾದರು.', '4-10', '3 min', 'https://placehold.co/700x430/FFE7A0/333333?text=🐘+Animal+Stories'),
('Animal Stories 2', 'kn', 'animal', 'ಒಂದು ಮೊಲ ಹೊಳೆ ದಾಟಬೇಕೆಂದಿತು. ಆನೆ ಮರದ ತುಂಡನ್ನು ಸೇತುವೆಯಂತೆ ಇಟ್ಟಿತು. ಇಬ್ಬರೂ ಸ್ನೇಹಿತರಾದರು.', '4-10', '4 min', 'https://placehold.co/700x430/FFE7A0/333333?text=🐘+Animal+Stories'),
('Animal Stories 3', 'kn', 'animal', 'ಒಂದು ಮೊಲ ಹೊಳೆ ದಾಟಬೇಕೆಂದಿತು. ಆನೆ ಮರದ ತುಂಡನ್ನು ಸೇತುವೆಯಂತೆ ಇಟ್ಟಿತು. ಇಬ್ಬರೂ ಸ್ನೇಹಿತರಾದರು.', '4-10', '2 min', 'https://placehold.co/700x430/FFE7A0/333333?text=🐘+Animal+Stories'),
('Animal Stories 1', 'ml', 'animal', 'ഒരു മുയൽ ചെറുനദി കടക്കാൻ ആഗ്രഹിച്ചു. ആന ഒരു മരക്കഷണം പാലമാക്കി വെച്ചു. ഇരുവരും സുഹൃത്തുക്കളായി.', '4-10', '3 min', 'https://placehold.co/700x430/FFE7A0/333333?text=🐘+Animal+Stories'),
('Animal Stories 2', 'ml', 'animal', 'ഒരു മുയൽ ചെറുനദി കടക്കാൻ ആഗ്രഹിച്ചു. ആന ഒരു മരക്കഷണം പാലമാക്കി വെച്ചു. ഇരുവരും സുഹൃത്തുക്കളായി.', '4-10', '4 min', 'https://placehold.co/700x430/FFE7A0/333333?text=🐘+Animal+Stories'),
('Animal Stories 3', 'ml', 'animal', 'ഒരു മുയൽ ചെറുനദി കടക്കാൻ ആഗ്രഹിച്ചു. ആന ഒരു മരക്കഷണം പാലമാക്കി വെച്ചു. ഇരുവരും സുഹൃത്തുക്കളായി.', '4-10', '2 min', 'https://placehold.co/700x430/FFE7A0/333333?text=🐘+Animal+Stories'),
('Friendship Stories 1', 'en', 'friendship', 'Anu and Meena had one red crayon. Instead of fighting, they shared it and made a beautiful flower drawing. Their teacher smiled and said sharing makes friendship stronger.', '4-10', '3 min', 'https://placehold.co/700x430/FFE7A0/333333?text=🤝+Friendship+Stories'),
('Friendship Stories 2', 'en', 'friendship', 'Anu and Meena had one red crayon. Instead of fighting, they shared it and made a beautiful flower drawing. Their teacher smiled and said sharing makes friendship stronger.', '4-10', '4 min', 'https://placehold.co/700x430/FFE7A0/333333?text=🤝+Friendship+Stories'),
('Friendship Stories 3', 'en', 'friendship', 'Anu and Meena had one red crayon. Instead of fighting, they shared it and made a beautiful flower drawing. Their teacher smiled and said sharing makes friendship stronger.', '4-10', '2 min', 'https://placehold.co/700x430/FFE7A0/333333?text=🤝+Friendship+Stories'),
('స్నేహ కథలు 1', 'te', 'friendship', 'అను మరియు మీన దగ్గర ఒకే ఎరుపు క్రేయాన్ ఉంది. వాళ్లు గొడవపడకుండా దాన్ని పంచుకున్నారు. ఇద్దరూ కలిసి అందమైన పువ్వు చిత్రం గీశారు. పంచుకోవడం వల్ల స్నేహం మరింత బలపడుతుందని వాళ్లు తెలుసుకున్నారు.', '4-10', '3 min', 'https://placehold.co/700x430/FFE7A0/333333?text=🤝+Friendship+Stories'),
('స్నేహ కథలు 2', 'te', 'friendship', 'అను మరియు మీన దగ్గర ఒకే ఎరుపు క్రేయాన్ ఉంది. వాళ్లు గొడవపడకుండా దాన్ని పంచుకున్నారు. ఇద్దరూ కలిసి అందమైన పువ్వు చిత్రం గీశారు. పంచుకోవడం వల్ల స్నేహం మరింత బలపడుతుందని వాళ్లు తెలుసుకున్నారు.', '4-10', '4 min', 'https://placehold.co/700x430/FFE7A0/333333?text=🤝+Friendship+Stories'),
('స్నేహ కథలు 3', 'te', 'friendship', 'అను మరియు మీన దగ్గర ఒకే ఎరుపు క్రేయాన్ ఉంది. వాళ్లు గొడవపడకుండా దాన్ని పంచుకున్నారు. ఇద్దరూ కలిసి అందమైన పువ్వు చిత్రం గీశారు. పంచుకోవడం వల్ల స్నేహం మరింత బలపడుతుందని వాళ్లు తెలుసుకున్నారు.', '4-10', '2 min', 'https://placehold.co/700x430/FFE7A0/333333?text=🤝+Friendship+Stories'),
('Friendship Stories 1', 'hi', 'friendship', 'अनु और मीना ने एक ही क्रेयॉन साझा किया और सुंदर फूल बनाया। उन्होंने सीखा कि बाँटना दोस्ती बढ़ाता है।', '4-10', '3 min', 'https://placehold.co/700x430/FFE7A0/333333?text=🤝+Friendship+Stories'),
('Friendship Stories 2', 'hi', 'friendship', 'अनु और मीना ने एक ही क्रेयॉन साझा किया और सुंदर फूल बनाया। उन्होंने सीखा कि बाँटना दोस्ती बढ़ाता है।', '4-10', '4 min', 'https://placehold.co/700x430/FFE7A0/333333?text=🤝+Friendship+Stories'),
('Friendship Stories 3', 'hi', 'friendship', 'अनु और मीना ने एक ही क्रेयॉन साझा किया और सुंदर फूल बनाया। उन्होंने सीखा कि बाँटना दोस्ती बढ़ाता है।', '4-10', '2 min', 'https://placehold.co/700x430/FFE7A0/333333?text=🤝+Friendship+Stories'),
('Friendship Stories 1', 'ta', 'friendship', 'அனு மற்றும் மீனா ஒரு கிரேயானை பகிர்ந்து அழகான பூ வரைந்தனர். பகிர்வதால் நட்பு வளரும் என அறிந்தனர்.', '4-10', '3 min', 'https://placehold.co/700x430/FFE7A0/333333?text=🤝+Friendship+Stories'),
('Friendship Stories 2', 'ta', 'friendship', 'அனு மற்றும் மீனா ஒரு கிரேயானை பகிர்ந்து அழகான பூ வரைந்தனர். பகிர்வதால் நட்பு வளரும் என அறிந்தனர்.', '4-10', '4 min', 'https://placehold.co/700x430/FFE7A0/333333?text=🤝+Friendship+Stories'),
('Friendship Stories 3', 'ta', 'friendship', 'அனு மற்றும் மீனா ஒரு கிரேயானை பகிர்ந்து அழகான பூ வரைந்தனர். பகிர்வதால் நட்பு வளரும் என அறிந்தனர்.', '4-10', '2 min', 'https://placehold.co/700x430/FFE7A0/333333?text=🤝+Friendship+Stories'),
('Friendship Stories 1', 'kn', 'friendship', 'ಅನು ಮತ್ತು ಮೀನಾ ಒಂದೇ ಕ್ರೇಯಾನ್ ಹಂಚಿಕೊಂಡು ಸುಂದರ ಹೂವನ್ನು ಬರೆದರು. ಹಂಚಿಕೊಂಡರೆ ಸ್ನೇಹ ಬೆಳೆಯುತ್ತದೆ ಎಂದು ಕಲಿತರು.', '4-10', '3 min', 'https://placehold.co/700x430/FFE7A0/333333?text=🤝+Friendship+Stories'),
('Friendship Stories 2', 'kn', 'friendship', 'ಅನು ಮತ್ತು ಮೀನಾ ಒಂದೇ ಕ್ರೇಯಾನ್ ಹಂಚಿಕೊಂಡು ಸುಂದರ ಹೂವನ್ನು ಬರೆದರು. ಹಂಚಿಕೊಂಡರೆ ಸ್ನೇಹ ಬೆಳೆಯುತ್ತದೆ ಎಂದು ಕಲಿತರು.', '4-10', '4 min', 'https://placehold.co/700x430/FFE7A0/333333?text=🤝+Friendship+Stories'),
('Friendship Stories 3', 'kn', 'friendship', 'ಅನು ಮತ್ತು ಮೀನಾ ಒಂದೇ ಕ್ರೇಯಾನ್ ಹಂಚಿಕೊಂಡು ಸುಂದರ ಹೂವನ್ನು ಬರೆದರು. ಹಂಚಿಕೊಂಡರೆ ಸ್ನೇಹ ಬೆಳೆಯುತ್ತದೆ ಎಂದು ಕಲಿತರು.', '4-10', '2 min', 'https://placehold.co/700x430/FFE7A0/333333?text=🤝+Friendship+Stories'),
('Friendship Stories 1', 'ml', 'friendship', 'അനുവും മീനയും ഒരു ക്രയോൺ പങ്കിട്ട് മനോഹരമായ പൂവ് വരച്ചു. പങ്കിടുമ്പോൾ സൗഹൃദം വളരുന്നു എന്ന് അവർ പഠിച്ചു.', '4-10', '3 min', 'https://placehold.co/700x430/FFE7A0/333333?text=🤝+Friendship+Stories'),
('Friendship Stories 2', 'ml', 'friendship', 'അനുവും മീനയും ഒരു ക്രയോൺ പങ്കിട്ട് മനോഹരമായ പൂവ് വരച്ചു. പങ്കിടുമ്പോൾ സൗഹൃദം വളരുന്നു എന്ന് അവർ പഠിച്ചു.', '4-10', '4 min', 'https://placehold.co/700x430/FFE7A0/333333?text=🤝+Friendship+Stories'),
('Friendship Stories 3', 'ml', 'friendship', 'അനുവും മീനയും ഒരു ക്രയോൺ പങ്കിട്ട് മനോഹരമായ പൂവ് വരച്ചു. പങ്കിടുമ്പോൾ സൗഹൃദം വളരുന്നു എന്ന് അവർ പഠിച്ചു.', '4-10', '2 min', 'https://placehold.co/700x430/FFE7A0/333333?text=🤝+Friendship+Stories');
